<annotation>
	<folder>success</folder>
	<filename>1.jpg</filename>
	<path>D:\ITI\EFG\examples\data_set\success\1.jpg</path>
	<source>
		<database>Unknown</database>
	</source>
	<size>
		<width>588</width>
		<height>335</height>
		<depth>3</depth>
	</size>
	<segmented>0</segmented>
	<object>
		<name>area</name>
		<pose>Unspecified</pose>
		<truncated>0</truncated>
		<difficult>0</difficult>
		<bndbox>
			<xmin>290</xmin>
			<ymin>52</ymin>
			<xmax>459</xmax>
			<ymax>103</ymax>
		</bndbox>
	</object>
</annotation>
