<annotation>
	<folder>data_set</folder>
	<filename>10.jpg</filename>
	<path>D:\ITI\EFG\examples\data_set\10.jpg</path>
	<source>
		<database>Unknown</database>
	</source>
	<size>
		<width>674</width>
		<height>485</height>
		<depth>3</depth>
	</size>
	<segmented>0</segmented>
	<object>
		<name>area</name>
		<pose>Unspecified</pose>
		<truncated>0</truncated>
		<difficult>0</difficult>
		<bndbox>
			<xmin>283</xmin>
			<ymin>14</ymin>
			<xmax>551</xmax>
			<ymax>100</ymax>
		</bndbox>
	</object>
</annotation>
