<annotation>
	<folder>data_set</folder>
	<filename>11.jpg</filename>
	<path>D:\ITI\EFG\examples\data_set\11.jpg</path>
	<source>
		<database>Unknown</database>
	</source>
	<size>
		<width>728</width>
		<height>546</height>
		<depth>3</depth>
	</size>
	<segmented>0</segmented>
	<object>
		<name>area</name>
		<pose>Unspecified</pose>
		<truncated>0</truncated>
		<difficult>0</difficult>
		<bndbox>
			<xmin>324</xmin>
			<ymin>16</ymin>
			<xmax>604</xmax>
			<ymax>116</ymax>
		</bndbox>
	</object>
</annotation>
