<annotation>
	<folder>data_set</folder>
	<filename>12.jpg</filename>
	<path>D:\ITI\EFG\examples\data_set\12.jpg</path>
	<source>
		<database>Unknown</database>
	</source>
	<size>
		<width>625</width>
		<height>375</height>
		<depth>3</depth>
	</size>
	<segmented>0</segmented>
	<object>
		<name>area</name>
		<pose>Unspecified</pose>
		<truncated>0</truncated>
		<difficult>0</difficult>
		<bndbox>
			<xmin>281</xmin>
			<ymin>17</ymin>
			<xmax>514</xmax>
			<ymax>89</ymax>
		</bndbox>
	</object>
</annotation>
