<annotation>
	<folder>data_set</folder>
	<filename>14.jpg</filename>
	<path>D:\ITI\EFG\examples\data_set\14.jpg</path>
	<source>
		<database>Unknown</database>
	</source>
	<size>
		<width>543</width>
		<height>295</height>
		<depth>3</depth>
	</size>
	<segmented>0</segmented>
	<object>
		<name>area</name>
		<pose>Unspecified</pose>
		<truncated>0</truncated>
		<difficult>0</difficult>
		<bndbox>
			<xmin>192</xmin>
			<ymin>96</ymin>
			<xmax>313</xmax>
			<ymax>136</ymax>
		</bndbox>
	</object>
</annotation>
