<annotation>
	<folder>input</folder>
	<filename>15.jpg</filename>
	<path>D:\ITI\EFG\examples\input\15.jpg</path>
	<source>
		<database>Unknown</database>
	</source>
	<size>
		<width>300</width>
		<height>225</height>
		<depth>3</depth>
	</size>
	<segmented>0</segmented>
	<object>
		<name>area</name>
		<pose>Unspecified</pose>
		<truncated>0</truncated>
		<difficult>0</difficult>
		<bndbox>
			<xmin>131</xmin>
			<ymin>27</ymin>
			<xmax>241</xmax>
			<ymax>61</ymax>
		</bndbox>
	</object>
</annotation>
