<annotation>
	<folder>data_set</folder>
	<filename>16.jpg</filename>
	<path>D:\ITI\EFG\examples\data_set\16.jpg</path>
	<source>
		<database>Unknown</database>
	</source>
	<size>
		<width>236</width>
		<height>146</height>
		<depth>3</depth>
	</size>
	<segmented>0</segmented>
	<object>
		<name>area</name>
		<pose>Unspecified</pose>
		<truncated>1</truncated>
		<difficult>0</difficult>
		<bndbox>
			<xmin>103</xmin>
			<ymin>1</ymin>
			<xmax>197</xmax>
			<ymax>30</ymax>
		</bndbox>
	</object>
</annotation>
