<annotation>
	<folder>data_set</folder>
	<filename>17.jpg</filename>
	<path>D:\ITI\EFG\examples\data_set\17.jpg</path>
	<source>
		<database>Unknown</database>
	</source>
	<size>
		<width>720</width>
		<height>540</height>
		<depth>3</depth>
	</size>
	<segmented>0</segmented>
	<object>
		<name>area</name>
		<pose>Unspecified</pose>
		<truncated>0</truncated>
		<difficult>0</difficult>
		<bndbox>
			<xmin>278</xmin>
			<ymin>112</ymin>
			<xmax>534</xmax>
			<ymax>178</ymax>
		</bndbox>
	</object>
</annotation>
