<annotation>
	<folder>data_set</folder>
	<filename>18.jpg</filename>
	<path>D:\ITI\EFG\examples\data_set\18.jpg</path>
	<source>
		<database>Unknown</database>
	</source>
	<size>
		<width>288</width>
		<height>175</height>
		<depth>3</depth>
	</size>
	<segmented>0</segmented>
	<object>
		<name>area</name>
		<pose>Unspecified</pose>
		<truncated>0</truncated>
		<difficult>0</difficult>
		<bndbox>
			<xmin>117</xmin>
			<ymin>12</ymin>
			<xmax>225</xmax>
			<ymax>45</ymax>
		</bndbox>
	</object>
</annotation>
