<annotation>
	<folder>efg-input</folder>
	<filename>19.jpg</filename>
	<path>D:/ITI/EFG/efg-input/19.jpg</path>
	<source>
		<database>Unknown</database>
	</source>
	<size>
		<width>288</width>
		<height>175</height>
		<depth>3</depth>
	</size>
	<segmented>0</segmented>
	<object>
		<name>area</name>
		<pose>Unspecified</pose>
		<truncated>0</truncated>
		<difficult>0</difficult>
		<bndbox>
			<xmin>117</xmin>
			<ymin>11</ymin>
			<xmax>224</xmax>
			<ymax>46</ymax>
		</bndbox>
	</object>
</annotation>
