<annotation>
	<folder>input</folder>
	<filename>2.jpg</filename>
	<path>D:\ITI\EFG\examples\input\2.jpg</path>
	<source>
		<database>Unknown</database>
	</source>
	<size>
		<width>713</width>
		<height>441</height>
		<depth>3</depth>
	</size>
	<segmented>0</segmented>
	<object>
		<name>area</name>
		<pose>Unspecified</pose>
		<truncated>1</truncated>
		<difficult>0</difficult>
		<bndbox>
			<xmin>319</xmin>
			<ymin>1</ymin>
			<xmax>599</xmax>
			<ymax>84</ymax>
		</bndbox>
	</object>
</annotation>
