<annotation>
	<folder>data_set</folder>
	<filename>20.jpg</filename>
	<path>D:\ITI\EFG\examples\data_set\20.jpg</path>
	<source>
		<database>Unknown</database>
	</source>
	<size>
		<width>750</width>
		<height>430</height>
		<depth>3</depth>
	</size>
	<segmented>0</segmented>
	<object>
		<name>area</name>
		<pose>Unspecified</pose>
		<truncated>0</truncated>
		<difficult>0</difficult>
		<bndbox>
			<xmin>327</xmin>
			<ymin>8</ymin>
			<xmax>635</xmax>
			<ymax>102</ymax>
		</bndbox>
	</object>
</annotation>
