<annotation>
	<folder>input</folder>
	<filename>21.jpg</filename>
	<path>D:\ITI\EFG\examples\input\21.jpg</path>
	<source>
		<database>Unknown</database>
	</source>
	<size>
		<width>279</width>
		<height>180</height>
		<depth>3</depth>
	</size>
	<segmented>0</segmented>
	<object>
		<name>area</name>
		<pose>Unspecified</pose>
		<truncated>0</truncated>
		<difficult>0</difficult>
		<bndbox>
			<xmin>125</xmin>
			<ymin>3</ymin>
			<xmax>237</xmax>
			<ymax>36</ymax>
		</bndbox>
	</object>
</annotation>
