<annotation>
	<folder>data_set</folder>
	<filename>23.jpg</filename>
	<path>D:\ITI\EFG\examples\data_set\23.jpg</path>
	<source>
		<database>Unknown</database>
	</source>
	<size>
		<width>309</width>
		<height>163</height>
		<depth>3</depth>
	</size>
	<segmented>0</segmented>
	<object>
		<name>area</name>
		<pose>Unspecified</pose>
		<truncated>0</truncated>
		<difficult>0</difficult>
		<bndbox>
			<xmin>144</xmin>
			<ymin>14</ymin>
			<xmax>237</xmax>
			<ymax>46</ymax>
		</bndbox>
	</object>
</annotation>
