<annotation>
	<folder>data_set</folder>
	<filename>25.jpg</filename>
	<path>D:\ITI\EFG\examples\data_set\25.jpg</path>
	<source>
		<database>Unknown</database>
	</source>
	<size>
		<width>283</width>
		<height>178</height>
		<depth>3</depth>
	</size>
	<segmented>0</segmented>
	<object>
		<name>area</name>
		<pose>Unspecified</pose>
		<truncated>0</truncated>
		<difficult>0</difficult>
		<bndbox>
			<xmin>131</xmin>
			<ymin>9</ymin>
			<xmax>237</xmax>
			<ymax>42</ymax>
		</bndbox>
	</object>
</annotation>
