<annotation>
	<folder>data_set</folder>
	<filename>26.jpg</filename>
	<path>D:\ITI\EFG\examples\data_set\26.jpg</path>
	<source>
		<database>Unknown</database>
	</source>
	<size>
		<width>292</width>
		<height>173</height>
		<depth>3</depth>
	</size>
	<segmented>0</segmented>
	<object>
		<name>area</name>
		<pose>Unspecified</pose>
		<truncated>0</truncated>
		<difficult>0</difficult>
		<bndbox>
			<xmin>129</xmin>
			<ymin>2</ymin>
			<xmax>249</xmax>
			<ymax>39</ymax>
		</bndbox>
	</object>
</annotation>
