<annotation>
	<folder>data_set</folder>
	<filename>27.jpg</filename>
	<path>D:\ITI\EFG\examples\data_set\27.jpg</path>
	<source>
		<database>Unknown</database>
	</source>
	<size>
		<width>283</width>
		<height>178</height>
		<depth>3</depth>
	</size>
	<segmented>0</segmented>
	<object>
		<name>area</name>
		<pose>Unspecified</pose>
		<truncated>0</truncated>
		<difficult>0</difficult>
		<bndbox>
			<xmin>122</xmin>
			<ymin>13</ymin>
			<xmax>220</xmax>
			<ymax>40</ymax>
		</bndbox>
	</object>
</annotation>
