<annotation>
	<folder>data_set</folder>
	<filename>28.jpg</filename>
	<path>D:\ITI\EFG\examples\data_set\28.jpg</path>
	<source>
		<database>Unknown</database>
	</source>
	<size>
		<width>261</width>
		<height>193</height>
		<depth>3</depth>
	</size>
	<segmented>0</segmented>
	<object>
		<name>area</name>
		<pose>Unspecified</pose>
		<truncated>0</truncated>
		<difficult>0</difficult>
		<bndbox>
			<xmin>128</xmin>
			<ymin>10</ymin>
			<xmax>227</xmax>
			<ymax>41</ymax>
		</bndbox>
	</object>
</annotation>
