<annotation>
	<folder>data_set</folder>
	<filename>3.jpg</filename>
	<path>D:\ITI\EFG\examples\data_set\3.jpg</path>
	<source>
		<database>Unknown</database>
	</source>
	<size>
		<width>390</width>
		<height>274</height>
		<depth>3</depth>
	</size>
	<segmented>0</segmented>
	<object>
		<name>area</name>
		<pose>Unspecified</pose>
		<truncated>0</truncated>
		<difficult>0</difficult>
		<bndbox>
			<xmin>181</xmin>
			<ymin>53</ymin>
			<xmax>291</xmax>
			<ymax>84</ymax>
		</bndbox>
	</object>
</annotation>
