<annotation>
	<folder>data_set</folder>
	<filename>31.jpg</filename>
	<path>D:\ITI\EFG\examples\data_set\31.jpg</path>
	<source>
		<database>Unknown</database>
	</source>
	<size>
		<width>299</width>
		<height>168</height>
		<depth>3</depth>
	</size>
	<segmented>0</segmented>
	<object>
		<name>area</name>
		<pose>Unspecified</pose>
		<truncated>1</truncated>
		<difficult>0</difficult>
		<bndbox>
			<xmin>137</xmin>
			<ymin>1</ymin>
			<xmax>254</xmax>
			<ymax>36</ymax>
		</bndbox>
	</object>
</annotation>
