<annotation>
	<folder>data_set</folder>
	<filename>34.jpg</filename>
	<path>D:\ITI\EFG\examples\data_set\34.jpg</path>
	<source>
		<database>Unknown</database>
	</source>
	<size>
		<width>286</width>
		<height>176</height>
		<depth>3</depth>
	</size>
	<segmented>0</segmented>
	<object>
		<name>area</name>
		<pose>Unspecified</pose>
		<truncated>0</truncated>
		<difficult>0</difficult>
		<bndbox>
			<xmin>132</xmin>
			<ymin>7</ymin>
			<xmax>243</xmax>
			<ymax>43</ymax>
		</bndbox>
	</object>
</annotation>
