<annotation>
	<folder>data_set</folder>
	<filename>37.jpg</filename>
	<path>D:\ITI\EFG\examples\data_set\37.jpg</path>
	<source>
		<database>Unknown</database>
	</source>
	<size>
		<width>279</width>
		<height>180</height>
		<depth>3</depth>
	</size>
	<segmented>0</segmented>
	<object>
		<name>area</name>
		<pose>Unspecified</pose>
		<truncated>0</truncated>
		<difficult>0</difficult>
		<bndbox>
			<xmin>126</xmin>
			<ymin>7</ymin>
			<xmax>234</xmax>
			<ymax>40</ymax>
		</bndbox>
	</object>
</annotation>
