<annotation>
	<folder>data_set</folder>
	<filename>38.jpg</filename>
	<path>D:\ITI\EFG\examples\data_set\38.jpg</path>
	<source>
		<database>Unknown</database>
	</source>
	<size>
		<width>277</width>
		<height>182</height>
		<depth>3</depth>
	</size>
	<segmented>0</segmented>
	<object>
		<name>area</name>
		<pose>Unspecified</pose>
		<truncated>0</truncated>
		<difficult>0</difficult>
		<bndbox>
			<xmin>120</xmin>
			<ymin>10</ymin>
			<xmax>234</xmax>
			<ymax>46</ymax>
		</bndbox>
	</object>
</annotation>
