<annotation>
	<folder>data_set</folder>
	<filename>4.jpg</filename>
	<path>D:\ITI\EFG\examples\data_set\4.jpg</path>
	<source>
		<database>Unknown</database>
	</source>
	<size>
		<width>650</width>
		<height>420</height>
		<depth>3</depth>
	</size>
	<segmented>0</segmented>
	<object>
		<name>area</name>
		<pose>Unspecified</pose>
		<truncated>0</truncated>
		<difficult>0</difficult>
		<bndbox>
			<xmin>280</xmin>
			<ymin>8</ymin>
			<xmax>551</xmax>
			<ymax>96</ymax>
		</bndbox>
	</object>
</annotation>
