<annotation>
	<folder>data_set</folder>
	<filename>41.jpg</filename>
	<path>D:\ITI\EFG\examples\data_set\41.jpg</path>
	<source>
		<database>Unknown</database>
	</source>
	<size>
		<width>281</width>
		<height>179</height>
		<depth>3</depth>
	</size>
	<segmented>0</segmented>
	<object>
		<name>area</name>
		<pose>Unspecified</pose>
		<truncated>0</truncated>
		<difficult>0</difficult>
		<bndbox>
			<xmin>131</xmin>
			<ymin>4</ymin>
			<xmax>246</xmax>
			<ymax>41</ymax>
		</bndbox>
	</object>
</annotation>
