<annotation>
	<folder>data_set</folder>
	<filename>42.jpg</filename>
	<path>D:\ITI\EFG\examples\data_set\42.jpg</path>
	<source>
		<database>Unknown</database>
	</source>
	<size>
		<width>259</width>
		<height>194</height>
		<depth>3</depth>
	</size>
	<segmented>0</segmented>
	<object>
		<name>area</name>
		<pose>Unspecified</pose>
		<truncated>0</truncated>
		<difficult>0</difficult>
		<bndbox>
			<xmin>123</xmin>
			<ymin>32</ymin>
			<xmax>209</xmax>
			<ymax>59</ymax>
		</bndbox>
	</object>
</annotation>
