<annotation>
	<folder>data_set</folder>
	<filename>43.jpg</filename>
	<path>D:\ITI\EFG\examples\data_set\43.jpg</path>
	<source>
		<database>Unknown</database>
	</source>
	<size>
		<width>249</width>
		<height>202</height>
		<depth>3</depth>
	</size>
	<segmented>0</segmented>
	<object>
		<name>area</name>
		<pose>Unspecified</pose>
		<truncated>0</truncated>
		<difficult>0</difficult>
		<bndbox>
			<xmin>110</xmin>
			<ymin>28</ymin>
			<xmax>205</xmax>
			<ymax>61</ymax>
		</bndbox>
	</object>
</annotation>
