<annotation>
	<folder>input</folder>
	<filename>44.jpg</filename>
	<path>D:\ITI\EFG\examples\input\44.jpg</path>
	<source>
		<database>Unknown</database>
	</source>
	<size>
		<width>3000</width>
		<height>4000</height>
		<depth>3</depth>
	</size>
	<segmented>0</segmented>
	<object>
		<name>area</name>
		<pose>Unspecified</pose>
		<truncated>0</truncated>
		<difficult>0</difficult>
		<bndbox>
			<xmin>1222</xmin>
			<ymin>1119</ymin>
			<xmax>2178</xmax>
			<ymax>1419</ymax>
		</bndbox>
	</object>
</annotation>
