<annotation>
	<folder>data_set</folder>
	<filename>45.jpg</filename>
	<path>D:\ITI\EFG\examples\data_set\45.jpg</path>
	<source>
		<database>Unknown</database>
	</source>
	<size>
		<width>400</width>
		<height>280</height>
		<depth>3</depth>
	</size>
	<segmented>0</segmented>
	<object>
		<name>area</name>
		<pose>Unspecified</pose>
		<truncated>1</truncated>
		<difficult>0</difficult>
		<bndbox>
			<xmin>171</xmin>
			<ymin>1</ymin>
			<xmax>337</xmax>
			<ymax>62</ymax>
		</bndbox>
	</object>
</annotation>
