<annotation>
	<folder>data_set</folder>
	<filename>46.jpg</filename>
	<path>D:\ITI\EFG\examples\data_set\46.jpg</path>
	<source>
		<database>Unknown</database>
	</source>
	<size>
		<width>513</width>
		<height>290</height>
		<depth>3</depth>
	</size>
	<segmented>0</segmented>
	<object>
		<name>area</name>
		<pose>Unspecified</pose>
		<truncated>0</truncated>
		<difficult>0</difficult>
		<bndbox>
			<xmin>226</xmin>
			<ymin>42</ymin>
			<xmax>359</xmax>
			<ymax>83</ymax>
		</bndbox>
	</object>
</annotation>
