<annotation>
	<folder>data_set</folder>
	<filename>47.jpg</filename>
	<path>D:\ITI\EFG\examples\data_set\47.jpg</path>
	<source>
		<database>Unknown</database>
	</source>
	<size>
		<width>750</width>
		<height>450</height>
		<depth>3</depth>
	</size>
	<segmented>0</segmented>
	<object>
		<name>area</name>
		<pose>Unspecified</pose>
		<truncated>0</truncated>
		<difficult>0</difficult>
		<bndbox>
			<xmin>357</xmin>
			<ymin>35</ymin>
			<xmax>637</xmax>
			<ymax>121</ymax>
		</bndbox>
	</object>
</annotation>
