<annotation>
	<folder>input</folder>
	<filename>48.jpg</filename>
	<path>D:\ITI\EFG\examples\input\48.jpg</path>
	<source>
		<database>Unknown</database>
	</source>
	<size>
		<width>380</width>
		<height>200</height>
		<depth>3</depth>
	</size>
	<segmented>0</segmented>
	<object>
		<name>area</name>
		<pose>Unspecified</pose>
		<truncated>0</truncated>
		<difficult>0</difficult>
		<bndbox>
			<xmin>160</xmin>
			<ymin>12</ymin>
			<xmax>278</xmax>
			<ymax>49</ymax>
		</bndbox>
	</object>
</annotation>
