<annotation>
	<folder>data_set</folder>
	<filename>49.jpg</filename>
	<path>D:\ITI\EFG\examples\data_set\49.jpg</path>
	<source>
		<database>Unknown</database>
	</source>
	<size>
		<width>400</width>
		<height>280</height>
		<depth>3</depth>
	</size>
	<segmented>0</segmented>
	<object>
		<name>area</name>
		<pose>Unspecified</pose>
		<truncated>1</truncated>
		<difficult>0</difficult>
		<bndbox>
			<xmin>179</xmin>
			<ymin>1</ymin>
			<xmax>340</xmax>
			<ymax>57</ymax>
		</bndbox>
	</object>
</annotation>
