<annotation>
	<folder>data_set</folder>
	<filename>5.jpg</filename>
	<path>D:\ITI\EFG\examples\data_set\5.jpg</path>
	<source>
		<database>Unknown</database>
	</source>
	<size>
		<width>550</width>
		<height>327</height>
		<depth>3</depth>
	</size>
	<segmented>0</segmented>
	<object>
		<name>area</name>
		<pose>Unspecified</pose>
		<truncated>0</truncated>
		<difficult>0</difficult>
		<bndbox>
			<xmin>247</xmin>
			<ymin>8</ymin>
			<xmax>453</xmax>
			<ymax>74</ymax>
		</bndbox>
	</object>
</annotation>
