<annotation>
	<folder>data_set</folder>
	<filename>50.jpg</filename>
	<path>D:\ITI\EFG\examples\data_set\50.jpg</path>
	<source>
		<database>Unknown</database>
	</source>
	<size>
		<width>512</width>
		<height>313</height>
		<depth>3</depth>
	</size>
	<segmented>0</segmented>
	<object>
		<name>area</name>
		<pose>Unspecified</pose>
		<truncated>0</truncated>
		<difficult>0</difficult>
		<bndbox>
			<xmin>233</xmin>
			<ymin>4</ymin>
			<xmax>423</xmax>
			<ymax>66</ymax>
		</bndbox>
	</object>
</annotation>
