<annotation>
	<folder>input</folder>
	<filename>51.jpg</filename>
	<path>D:\ITI\EFG\examples\input\51.jpg</path>
	<source>
		<database>Unknown</database>
	</source>
	<size>
		<width>675</width>
		<height>442</height>
		<depth>3</depth>
	</size>
	<segmented>0</segmented>
	<object>
		<name>area</name>
		<pose>Unspecified</pose>
		<truncated>0</truncated>
		<difficult>0</difficult>
		<bndbox>
			<xmin>290</xmin>
			<ymin>20</ymin>
			<xmax>563</xmax>
			<ymax>109</ymax>
		</bndbox>
	</object>
</annotation>
