<annotation>
	<folder>input</folder>
	<filename>52.jpg</filename>
	<path>D:\ITI\EFG\examples\input\52.jpg</path>
	<source>
		<database>Unknown</database>
	</source>
	<size>
		<width>960</width>
		<height>1280</height>
		<depth>3</depth>
	</size>
	<segmented>0</segmented>
	<object>
		<name>area</name>
		<pose>Unspecified</pose>
		<truncated>0</truncated>
		<difficult>0</difficult>
		<bndbox>
			<xmin>422</xmin>
			<ymin>410</ymin>
			<xmax>786</xmax>
			<ymax>521</ymax>
		</bndbox>
	</object>
</annotation>
