<annotation>
	<folder>data_set</folder>
	<filename>53.jpg</filename>
	<path>D:\ITI\EFG\examples\data_set\53.jpg</path>
	<source>
		<database>Unknown</database>
	</source>
	<size>
		<width>538</width>
		<height>318</height>
		<depth>3</depth>
	</size>
	<segmented>0</segmented>
	<object>
		<name>area</name>
		<pose>Unspecified</pose>
		<truncated>0</truncated>
		<difficult>0</difficult>
		<bndbox>
			<xmin>230</xmin>
			<ymin>15</ymin>
			<xmax>440</xmax>
			<ymax>80</ymax>
		</bndbox>
	</object>
</annotation>
