<annotation>
	<folder>data_set</folder>
	<filename>54.jpg</filename>
	<path>D:\ITI\EFG\examples\data_set\54.jpg</path>
	<source>
		<database>Unknown</database>
	</source>
	<size>
		<width>0</width>
		<height>0</height>
		<depth>3</depth>
	</size>
	<segmented>0</segmented>
	<object>
		<name>area</name>
		<pose>Unspecified</pose>
		<truncated>0</truncated>
		<difficult>0</difficult>
		<bndbox>
			<xmin>733</xmin>
			<ymin>4</ymin>
			<xmax>1391</xmax>
			<ymax>207</ymax>
		</bndbox>
	</object>
</annotation>
