<annotation>
	<folder>input</folder>
	<filename>55.jpg</filename>
	<path>D:\ITI\EFG\examples\input\55.jpg</path>
	<source>
		<database>Unknown</database>
	</source>
	<size>
		<width>2000</width>
		<height>1452</height>
		<depth>3</depth>
	</size>
	<segmented>0</segmented>
	<object>
		<name>area</name>
		<pose>Unspecified</pose>
		<truncated>0</truncated>
		<difficult>0</difficult>
		<bndbox>
			<xmin>901</xmin>
			<ymin>234</ymin>
			<xmax>1557</xmax>
			<ymax>441</ymax>
		</bndbox>
	</object>
</annotation>
