<annotation>
	<folder>data_set</folder>
	<filename>56.jpg</filename>
	<path>D:\ITI\EFG\examples\data_set\56.jpg</path>
	<source>
		<database>Unknown</database>
	</source>
	<size>
		<width>600</width>
		<height>450</height>
		<depth>3</depth>
	</size>
	<segmented>0</segmented>
	<object>
		<name>area</name>
		<pose>Unspecified</pose>
		<truncated>0</truncated>
		<difficult>0</difficult>
		<bndbox>
			<xmin>256</xmin>
			<ymin>106</ymin>
			<xmax>438</xmax>
			<ymax>168</ymax>
		</bndbox>
	</object>
</annotation>
