<annotation>
	<folder>data_set</folder>
	<filename>57.jpg</filename>
	<path>D:\ITI\EFG\examples\data_set\57.jpg</path>
	<source>
		<database>Unknown</database>
	</source>
	<size>
		<width>283</width>
		<height>178</height>
		<depth>3</depth>
	</size>
	<segmented>0</segmented>
	<object>
		<name>area</name>
		<pose>Unspecified</pose>
		<truncated>1</truncated>
		<difficult>0</difficult>
		<bndbox>
			<xmin>127</xmin>
			<ymin>1</ymin>
			<xmax>241</xmax>
			<ymax>37</ymax>
		</bndbox>
	</object>
</annotation>
