<annotation>
	<folder>data_set</folder>
	<filename>58.jpg</filename>
	<path>D:\ITI\EFG\examples\data_set\58.jpg</path>
	<source>
		<database>Unknown</database>
	</source>
	<size>
		<width>281</width>
		<height>179</height>
		<depth>3</depth>
	</size>
	<segmented>0</segmented>
	<object>
		<name>area</name>
		<pose>Unspecified</pose>
		<truncated>1</truncated>
		<difficult>0</difficult>
		<bndbox>
			<xmin>123</xmin>
			<ymin>1</ymin>
			<xmax>238</xmax>
			<ymax>39</ymax>
		</bndbox>
	</object>
</annotation>
