<annotation>
	<folder>data_set</folder>
	<filename>59.jpg</filename>
	<path>D:\ITI\EFG\examples\data_set\59.jpg</path>
	<source>
		<database>Unknown</database>
	</source>
	<size>
		<width>0</width>
		<height>0</height>
		<depth>3</depth>
	</size>
	<segmented>0</segmented>
	<object>
		<name>area</name>
		<pose>Unspecified</pose>
		<truncated>0</truncated>
		<difficult>0</difficult>
		<bndbox>
			<xmin>299</xmin>
			<ymin>172</ymin>
			<xmax>529</xmax>
			<ymax>238</ymax>
		</bndbox>
	</object>
</annotation>
