<annotation>
	<folder>data_set</folder>
	<filename>7.jpg</filename>
	<path>D:\ITI\EFG\examples\data_set\7.jpg</path>
	<source>
		<database>Unknown</database>
	</source>
	<size>
		<width>538</width>
		<height>298</height>
		<depth>3</depth>
	</size>
	<segmented>0</segmented>
	<object>
		<name>area</name>
		<pose>Unspecified</pose>
		<truncated>0</truncated>
		<difficult>0</difficult>
		<bndbox>
			<xmin>255</xmin>
			<ymin>25</ymin>
			<xmax>425</xmax>
			<ymax>82</ymax>
		</bndbox>
	</object>
</annotation>
