<annotation>
	<folder>data_set</folder>
	<filename>8.jpg</filename>
	<path>D:\ITI\EFG\examples\data_set\8.jpg</path>
	<source>
		<database>Unknown</database>
	</source>
	<size>
		<width>657</width>
		<height>419</height>
		<depth>3</depth>
	</size>
	<segmented>0</segmented>
	<object>
		<name>area</name>
		<pose>Unspecified</pose>
		<truncated>0</truncated>
		<difficult>0</difficult>
		<bndbox>
			<xmin>297</xmin>
			<ymin>4</ymin>
			<xmax>565</xmax>
			<ymax>88</ymax>
		</bndbox>
	</object>
</annotation>
