<annotation>
	<folder>input</folder>
	<filename>9.jpg</filename>
	<path>D:\ITI\EFG\examples\input\9.jpg</path>
	<source>
		<database>Unknown</database>
	</source>
	<size>
		<width>2048</width>
		<height>1536</height>
		<depth>3</depth>
	</size>
	<segmented>0</segmented>
	<object>
		<name>area</name>
		<pose>Unspecified</pose>
		<truncated>0</truncated>
		<difficult>0</difficult>
		<bndbox>
			<xmin>927</xmin>
			<ymin>221</ymin>
			<xmax>1718</xmax>
			<ymax>470</ymax>
		</bndbox>
	</object>
</annotation>
